{"false": {"BELLTOWN-QUEEN ANNE-BELLEVUE PM": [[[53, "108TH AVE NE & NE 6TH ST", 47.615197, -122.196252]], [[2, "QUEEN ANNE AVE N & CROCKETT ST", 47.637203, -122.356954], [52, "1ST AVE & CEDAR ST", 47.615984, -122.350761], [66, "1ST AVE N & JOHN ST", 47.619972, -122.35543], [76, "QUEEN ANNE AVE & W. COMSTOCK (PM)", 47.630177, -122.356654]], 44, "QABELVPM"], "S EVERETT-MILLCREEK PM": [[[1, "OVERLAKE TRANSIT CENTER", 47.644307, -122.132564], [10, "COMMONS TRANSPORTATION CENTER", 47.64306987, -122.13992611]], [[5, "MILLCREEK FOURSQUARE CHURCH", 47.85046537, -122.25343971], [35, "CHRISTIAN FAITH CENTER", 47.87887481, -122.20385643]], 37, "S EVERETT-MILLCREEK"], "CAPITOL HILL DIRECT PM": [[[1, "OVERLAKE TRANSIT CENTER", 47.644307, -122.132564], [10, "COMMONS TRANSPORTATION CENTER", 47.64306987, -122.13992611]], [[67, "E. PIKE ST. & SUMMIT AVE.", 47.614092, -122.32567], [68, "16TH AVE. E. & E. THOMAS ST.", 47.620376, -122.311398], [69, "19TH AVE E & E HARRISON ST", 47.621934, -122.307357]], 48, "CAPitol hill direct pm"], "WEST SEATTLE PM": [[[1, "OVERLAKE TRANSIT CENTER", 47.644307, -122.132564], [10, "COMMONS TRANSPORTATION CENTER", 47.64306987, -122.13992611]], [[36, "CALIFORNIA AVE SW @ ADMIRAL THEATER", 47.581726, -122.386676], [63, "WEST SEATTLE CHRISTIAN CHURCH", 47.56435, -122.384444], [81, "CALIFORNIA AVE SW & SW SPOKANE ST (SHARED)", 47.571801, -122.386825]], 42, "WEST SEATTLE"], "BOTHELL EXPRESS PM": [[[1, "OVERLAKE TRANSIT CENTER", 47.644307, -122.132564], [10, "COMMONS TRANSPORTATION CENTER", 47.64306987, -122.13992611]], [[6, "BOTHELL STAPLES", 47.76083205, -122.17577814]], 24, "BOTHELL EXPRESS"], "REDMOND RIDGE PM": [[[1, "OVERLAKE TRANSIT CENTER", 47.644307, -122.132564], [10, "COMMONS TRANSPORTATION CENTER", 47.64306987, -122.13992611]], [[39, "CEDAR PARK CRESCENT NE AND NE 100TH WAY", 47.687832, -122.041605], [40, "REDMOND RIDGE CARPOOL LOT", 47.685765, -122.033426], [56, "NE CEDAR PARK CRESCENT & EASTRIDGE DR NE", 47.691234, -122.017663], [57, "EASTRIDGE DR NE & POWERLINES", 47.697198, -122.018875]], 35, "REDMOND RIDGE"], "MONROE EXPRESS PM": [[[1, "OVERLAKE TRANSIT CENTER", 47.644307, -122.132564], [10, "COMMONS TRANSPORTATION CENTER", 47.64306987, -122.13992611]], [[33, "EVERGREEN STATE FAIRGROUNDS", 47.86687254, -121.99006901]], 33, "MONROE EXPRESS"], "LAURELHURST-WEDGWOOD PM": [[[1, "OVERLAKE TRANSIT CENTER", 47.644307, -122.132564], [10, "COMMONS TRANSPORTATION CENTER", 47.64306987, -122.13992611]], [[11, "40TH AVE NE & NE 55TH ST", 47.668341, -122.28472], [13, "35TH AVE NE & NE 73RD ST", 47.681023, -122.290318], [14, "35TH AVE NE & NE 80TH ST", 47.68649, -122.290487], [82, "NE 65TH AVE AND 39TH AVE NE (SHARED)", 47.675807, -122.285824]], 29, "LAURELHURST-WEDGWOOD"], "LESCHI-MADRONA-MADISON PARK PM": [[[1, "OVERLAKE TRANSIT CENTER", 47.644307, -122.132564], [10, "COMMONS TRANSPORTATION CENTER", 47.64306987, -122.13992611]], [[42, "LESCHI PARK (PARKING LOT)", 47.601114, -122.285348], [44, "E UNION ST AND 33TH AVE (PM)", 47.612872, -122.290495], [50, "LAKE WASHINGTON BLVD E AND E MADISON ST (PM)", 47.625855, -122.29285], [59, "E MADISION ST & 25TH AVE (PM)", 47.620834, -122.300261], [73, "18TH AVE & E CHERRY STREET", 47.60802, -122.30893]], 30, "LESCHI-MADRONA-MADISON"], "CAPITOL HILL-REDMOND PM": [[[1, "OVERLAKE TRANSIT CENTER", 47.644307, -122.132564], [10, "COMMONS TRANSPORTATION CENTER", 47.64306987, -122.13992611]], [[67, "E. PIKE ST. & SUMMIT AVE.", 47.614092, -122.32567], [68, "16TH AVE. E. & E. THOMAS ST.", 47.620376, -122.311398], [69, "19TH AVE E & E HARRISON ST", 47.621934, -122.307357]], 25, "CAPITOL HILL-REDMOND"], "SAMMAMISH PLATEAU PM": [[[1, "OVERLAKE TRANSIT CENTER", 47.644307, -122.132564], [10, "COMMONS TRANSPORTATION CENTER", 47.64306987, -122.13992611], [53, "108TH AVE NE & NE 6TH ST", 47.615197, -122.196252]], [[55, "MARS HILL CHURCH", 47.61022841, -122.03460699]], 38, "SAMMAMISH PLATEAU"], "SNOHOMISH-BOTHELL PM": [[[1, "OVERLAKE TRANSIT CENTER", 47.644307, -122.132564], [10, "COMMONS TRANSPORTATION CENTER", 47.64306987, -122.13992611]], [[6, "BOTHELL STAPLES", 47.76083205, -122.17577814], [34, "SNOHOMISH HOPE FOURSQUARE CHURCH", 47.950616, -122.118294]], 40, "SNOHOMISH-BOTHELL"], "COLUMBIA CITY-MT BAKER PM": [[[1, "OVERLAKE TRANSIT CENTER", 47.644307, -122.132564], [10, "COMMONS TRANSPORTATION CENTER", 47.64306987, -122.13992611]], [[46, "S ORCAS ST AND 52ND AVE S (SDA CHURCH)", 47.551227, -122.266897], [47, "S GENESEE ST AND 43RD AVE S (GENESEE PARK)", 47.563815, -122.279484], [49, "MT RAINIER DR S AND S MCCLELLAN ST (PM)", 47.577825, -122.287617]], 26, "COLUMB CITY-MT BAKER"], "CAPITOL HILL-BELLEVUE PM": [[[53, "108TH AVE NE & NE 6TH ST", 47.615197, -122.196252]], [[67, "E. PIKE ST. & SUMMIT AVE.", 47.614092, -122.32567], [68, "16TH AVE. E. & E. THOMAS ST.", 47.620376, -122.311398], [69, "19TH AVE E & E HARRISON ST", 47.621934, -122.307357]], 39, "CAPITOL HILL-BELLEVUE"], "MAPLE VALLEY-KENT PM": [[[1, "OVERLAKE TRANSIT CENTER", 47.644307, -122.132564], [10, "COMMONS TRANSPORTATION CENTER", 47.64306987, -122.13992611], [53, "108TH AVE NE & NE 6TH ST", 47.615197, -122.196252]], [[38, "COVINGTON CORNERSTONE CHURCH", 47.358409, -122.06376], [41, "KENT SEVENTH DAY ADVENTIST CHURCH", 47.375639, -122.188209]], 31, "MAPLE VALLEY-KENT"], "MILL CREEK EXPRESS PM": [[[1, "OVERLAKE TRANSIT CENTER", 47.644307, -122.132564], [10, "COMMONS TRANSPORTATION CENTER", 47.64306987, -122.13992611]], [[5, "MILLCREEK FOURSQUARE CHURCH", 47.85046537, -122.25343971]], 32, "MILL CREEK EXPRESS"], "RENTON-RENTON HIGHLANDS PM": [[[1, "OVERLAKE TRANSIT CENTER", 47.644307, -122.132564], [10, "COMMONS TRANSPORTATION CENTER", 47.64306987, -122.13992611]], [[8, "TIMES SQUARE COMPLEX", 47.447296, -122.224284], [54, "HIGHLANDS COMMUNITY CHURCH", 47.497344, -122.17861]], 36, "RENTON-HIGHLANDS"], "SNOQUALMIE-ISSAQUAH PM": [[[1, "OVERLAKE TRANSIT CENTER", 47.644307, -122.132564], [10, "COMMONS TRANSPORTATION CENTER", 47.64306987, -122.13992611]], [[7, "TRAILSIDE BUILDING", 47.52546393, -121.87141939], [64, "ISSAQUAH HIGHLANDS", 47.541288, -122.015946]], 41, "SNOQUALMIE-ISSAQUAH"], "FREMONT-WALLINGFORD PM": [[[1, "OVERLAKE TRANSIT CENTER", 47.644307, -122.132564], [10, "COMMONS TRANSPORTATION CENTER", 47.64306987, -122.13992611]], [[24, "N 36TH ST & PHINNEY AVE N", 47.652109, -122.354074], [29, "N 45TH ST & MERIDIAN AVE N", 47.661451, -122.333316], [30, "WALLINGFORD AVE N & N 43RD ST", 47.658931, -122.336256], [31, "WALLINGFORD AVE N & 34TH ST (PM)", 47.64824, -122.336428], [32, "N 35TH ST & WOODLAND PARK AVE N (PM)", 47.649682, -122.343723]], 28, "FREMONT-WALLINGFORD"], "BALLARD-WHITTIER HEIGHTS PM": [[[1, "OVERLAKE TRANSIT CENTER", 47.644307, -122.132564], [10, "COMMONS TRANSPORTATION CENTER", 47.64306987, -122.13992611]], [[21, "24TH AVE NW & NW 67TH ST", 47.677554, -122.387435], [22, "24TH AVE NW & NW 77TH ST", 47.685156, -122.387483], [23, "OUR REDEEMERS LUTHERAN CHURCH", 47.691183, -122.389294], [80, "NW MARKET ST & 20TH AVE NW (SHARED)", 47.668705, -122.382389]], 22, "BALLARD-WHITTIER"], "PHINNEY RIDGE-GREENLAKE PM": [[[1, "OVERLAKE TRANSIT CENTER", 47.644307, -122.132564], [10, "COMMONS TRANSPORTATION CENTER", 47.64306987, -122.13992611]], [[19, "PHINNEY AVE N & N 55TH ST", 47.668456, -122.354315], [20, "GREENWOOD AVE N & N 75TH ST", 47.683497, -122.355152], [62, "2490 N 65th ST (PM)", 47.675942, -122.328439]], 34, "PHINNEY-GREENLAKE"], "DUVALL EXPRESS PM": [[[1, "OVERLAKE TRANSIT CENTER", 47.644307, -122.132564], [10, "COMMONS TRANSPORTATION CENTER", 47.64306987, -122.13992611]], [[9, "HOLY INNOCENTS CATHOLIC CHURCH", 47.747887, -121.982896]], 27, "DUVALL EXPRESS"],