{"false": {"S Everett-Millcreek PM": [[[1, "Overlake Transit Center", 47.643555, -122.132856], [10, "Commons Transportation Center", 47.64306987, -122.13992611]], [[5, "Millcreek Foursquare Church", 47.85046537, -122.25343971], [35, "Christian Faith Center", 47.87887481, -122.20385643]], 37, "S EVERETT-MILLCREEK"], "Capitol Hill-Bellevue PM": [[[53, "108th Ave NE & NE 6th St", 47.615197, -122.196252], [85, "Advanta", 47.585015, -122.130671], [86, "Sammamish Campus", 47.555643, -122.049502]], [[67, "E Pike St & Summit Ave", 47.614092, -122.32567], [68, "16th Ave E & E Thomas St", 47.620376, -122.311398], [69, "19th Ave E & E Harrison St", 47.621934, -122.307357]], 39, "CAPITOL HILL-BELLEVUE"], "Maple Valley-Kent PM": [[[1, "Overlake Transit Center", 47.643555, -122.132856], [10, "Commons Transportation Center", 47.64306987, -122.13992611], [53, "108th Ave NE & NE 6th St", 47.615197, -122.196252]], [[38, "Covington Cornerstone Church", 47.358409, -122.06376], [41, "Kent Seventh Day Adventist Church", 47.375639, -122.188209]], 31, "MAPLE VALLEY-KENT"], "West Seattle PM": [[[1, "Overlake Transit Center", 47.643555, -122.132856], [10, "Commons Transportation Center", 47.64306987, -122.13992611]], [[36, "California Ave SW @ Admiral Theater", 47.581726, -122.386676], [63, "West Seattle Christian Church", 47.56435, -122.384444], [81, "California Ave SW & SW Spokane St (Shared)", 47.571801, -122.386825]], 42, "WEST SEATTLE"], "Monroe Express PM": [[[1, "Overlake Transit Center", 47.643555, -122.132856], [10, "Commons Transportation Center", 47.64306987, -122.13992611]], [[33, "Evergreen State Fairgrounds", 47.86687254, -121.99006901]], 33, "MONROE EXPRESS"], "Renton-Renton Highlands PM": [[[1, "Overlake Transit Center", 47.643555, -122.132856], [10, "Commons Transportation Center", 47.64306987, -122.13992611]], [[8, "Times Square Complex", 47.447296, -122.224284], [54, "Highlands Community Church", 47.497344, -122.17861]], 36, "RENTON-HIGHLANDS"], "Capitol Hill-Redmond PM": [[[1, "Overlake Transit Center", 47.643555, -122.132856], [10, "Commons Transportation Center", 47.64306987, -122.13992611]], [[67, "E Pike St & Summit Ave", 47.614092, -122.32567], [68, "16th Ave E & E Thomas St", 47.620376, -122.311398], [69, "19th Ave E & E Harrison St", 47.621934, -122.307357]], 25, "CAPITOL HILL-REDMOND"], "Leschi-Madrona-Madison Park PM": [[[10, "Commons Transportation Center", 47.64306987, -122.13992611], [84, "SR520 Flyer (OTC)", 47.64456, -122.133755]], [[42, "Leschi Park (Parking Lot)", 47.601114, -122.285348], [44, "E Union St & 33rd Ave (PM)", 47.612872, -122.290495], [50, "Lake Washington Blvd E & E Madison St (PM)", 47.625855, -122.29285], [59, "E Madison St & 25th Ave (PM)", 47.620834, -122.300261], [73, "18th Ave & E Cherry St", 47.60802, -122.30893]], 30, "LESCHI-MADRONA-MADISON"], "Duvall Express PM": [[[1, "Overlake Transit Center", 47.643555, -122.132856], [10, "Commons Transportation Center", 47.64306987, -122.13992611]], [[9, "Holy Innocents Catholic Church", 47.747887, -121.982896]], 27, "DUVALL EXPRESS"], "Bothell Express PM": [[[1, "Overlake Transit Center", 47.643555, -122.132856], [10, "Commons Transportation Center", 47.64306987, -122.13992611]], [[6, "Bothell Stapes", 47.76083205, -122.17577814]], 24, "BOTHELL EXPRESS"], "Snoqualmie-Issaquah PM": [[[1, "Overlake Transit Center", 47.643555, -122.132856], [10, "Commons Transportation Center", 47.64306987, -122.13992611]], [[7, "Trailside Building", 47.52546393, -121.87141939], [64, "Issaquah Highlands", 47.541288, -122.015946]], 41, "SNOQUALMIE-ISSAQUAH"], "Phinney Ridge-Greenlake PM": [[[1, "Overlake Transit Center", 47.643555, -122.132856], [10, "Commons Transportation Center", 47.64306987, -122.13992611]], [[19, "Phinney Ave N & N 55th St", 47.668456, -122.354315], [20, "Greenwood Ave N & N 75th St", 47.683497, -122.355152], [62, "2490 N 65th St (PM)", 47.675942, -122.328439]], 34, "PHINNEY-GREENLAKE"], "Fremont-Wallingford PM": [[[1, "Overlake Transit Center", 47.643555, -122.132856], [10, "Commons Transportation Center", 47.64306987, -122.13992611]], [[24, "N 36th St & Phinney Ave N", 47.652109, -122.354074], [29, "N 45th St & Meridian Ave N", 47.661451, -122.333316], [30, "Wallingford Ave N & N 43rd St", 47.658931, -122.336256], [31, "Wallingford Ave N & 34th St (PM)", 47.64824, -122.336428], [32, "N 35th St & Woodland Park Ave N", 47.649682, -122.343723]], 28, "FREMONT-WALLINGFORD"], "Mill Creek Express PM": [[[1, "Overlake Transit Center", 47.643555, -122.132856], [10, "Commons Transportation Center", 47.64306987, -122.13992611]], [[5, "Millcreek Foursquare Church", 47.85046537, -122.25343971]], 32, "MILL CREEK EXPRESS"], "Belltown-Queen Anne-Redmond PM": [[[1, "Overlake Transit Center", 47.643555, -122.132856], [10, "Commons Transportation Center", 47.64306987, -122.13992611]], [[2, "Queen Anne Ave N & Crockett St", 47.637203, -122.356954], [52, "1st Ave & Cedar St", 47.615984, -122.350761], [66, "1st Ave N & John St", 47.619972, -122.35543], [76, "Queen Anne Ave & W Comstock (PM)", 47.630177, -122.356654]], 23, "BELLTOWN-QUEEN ANNE-REDMOND"], "Laurelhurst-Wedgwood PM": [[[10, "Commons Transportation Center", 47.64306987, -122.13992611], [84, "SR520 Flyer (OTC)", 47.64456, -122.133755]], [[11, "40th Ave NE & NE 55th St", 47.668341, -122.28472], [13, "35th Ave NE & NE 73rd St", 47.681023, -122.290318], [14, "35th Ave NE & NE 80th St", 47.68649, -122.290487], [82, "NE 65th Ave & 39th Ave NE (Shared)", 47.675807, -122.285824]], 29, "LAURELHURST-WEDGWOOD"], "Ballard-Whittier Heights PM": [[[1, "Overlake Transit Center", 47.643555, -122.132856], [10, "Commons Transportation Center", 47.64306987, -122.13992611]], [[21, "24th Ave NW & NW 67th St", 47.677554, -122.387435], [22, "24th Ave NW & NW 77th St", 47.685156, -122.387483], [23, "Our Redeemers Lutheran Church", 47.691183, -122.389294], [80, "NW Market St & 20th Ave NW (Shared)", 47.668705, -122.382389]], 22, "BALLARD-WHITTIER"], "Capitol Hill Direct PM": [[[1, "Overlake Transit Center", 47.643555, -122.132856], [10, "Commons Transportation Center", 47.64306987, -122.13992611]], [[67, "E Pike St & Summit Ave", 47.614092, -122.32567], [68, "16th Ave E & E Thomas St", 47.620376, -122.311398], [69, "19th Ave E & E Harrison St", 47.621934, -122.307357]], 48, "CAPitol hill direct pm"], "Columbia City-Mt Baker PM": [[[10, "Commons Transportation Center", 47.64306987, -122.13992611], [84, "SR520 Flyer (OTC)", 47.64456, -122.133755]], [[46, "S Orcas St & 52nd Ave S (SDA Church)", 47.551227, -122.266897], [47, "S Genesee St & 43rd Ave S (Genesee Park)", 47.563815, -122.279484], [49, "Mt Rainier Dr S & S McLellan St (PM)", 47.577825, -122.287617]], 26, "COLUMB CITY-MT BAKER"], "Redmond Ridge PM": [[[1, "Overlake Transit Center", 47.643555, -122.132856], [10, "Commons Transportation Center", 47.64306987, -122.13992611]], [[39, "Cedar Park Crescent NE & NE 100th Way", 47.687832, -122.041605], [40, "Redmond Ridge Carpool Lot", 47.685765, -122.033426], [56, "NE Cedar Park Crescent & Eastridge Dr NE", 47.691234, -122.017663], [57, "Eastridge Drive NE @ Powerlines", 47.697198, -122.018875]], 35, "REDMOND RIDGE"], "Belltown-Queen Anne-Bellevue PM": [[[53, "108th Ave NE & NE 6th St", 47.615197, -122.196252], [85, "Advanta", 47.585015, -122.130671], [86, "Sammamish Campus", 47.555643, -122.049502]], [[2, "Queen Anne Ave N & Crockett St", 47.637203, -122.356954], [52, "1st Ave & Cedar St", 47.615984, -122.350761], [66, "1st Ave N & John St", 47.619972, -122.35543], [76, "Queen Anne Ave & W Comstock (PM)", 47.630177, -122.356654]], 44, "QABELVPM"], "Capitol Hill-Advanta-Sammamish PM": [[[85, "Advanta", 47.585015, -122.130671], [86, "Sammamish Campus", 47.555643, -122.049502]], [[4, "16th Ave & Denny Way", 47.619619, -122.311355], [67, "E Pike St & Summit Ave", 47.614092, -122.32567], [69, "19th Ave E & E Harrison St", 47.621934, -122.307357]], 50, "Capitol Hill-Advanta-Sammamish PM"],